country;year;sale
China;2005;3971101
China;2006;5175961
China;2007;6297538
China;2008;6755609
China;2009;10331315
China;2010;13757794
China;2011;14472416
China;2012;15495240
China;2013;17927730
China;2014;19707677
China;2015;21210339
China;2016;24376902
China;2017;24718321
China;2018;23709782
China;2019;21472092
China;2020;20177731
China;2021;21481537
China;2022;23563287
India;2005;1106863
India;2006;1311373
India;2007;1511812
India;2008;1545414
India;2009;1816878
India;2010;2387197
India;2011;2510313
India;2012;2781919
India;2013;2553979
India;2014;2570736
India;2015;2772270
India;2016;2966637
India;2017;3229109
India;2018;3394756
India;2019;2962115
India;2020;2433464
India;2021;3082279
India;2022;3792356
Japan;2005;4748482
Japan;2006;4612318
Japan;2007;4325508
Japan;2008;4184266
Japan;2009;3905310
Japan;2010;4203181
Japan;2011;3509036
Japan;2012;4572333
Japan;2013;4562282
Japan;2014;4699591
Japan;2015;4215889
Japan;2016;4146459
Japan;2017;4386378
Japan;2018;4391160
Japan;2019;4301091
Japan;2020;3809977
Japan;2021;3675698
Japan;2022;3448297
USA;2005;7659983
USA;2006;7761592
USA;2007;7562334
USA;2008;6769107
USA;2009;5400890
USA;2010;5635432
USA;2011;6089403
USA;2012;7241900
USA;2013;7585341
USA;2014;7749432
USA;2015;7516826
USA;2016;6872729
USA;2017;6080229
USA;2018;5303580
USA;2019;4719710
USA;2020;3401838
USA;2021;3350050
USA;2022;2858575
Germany;2005;3319259
Germany;2006;3467961
Germany;2007;3148163
Germany;2008;3090040
Germany;2009;3807175
Germany;2010;2916259
Germany;2011;3173634
Germany;2012;3082504
Germany;2013;2952431
Germany;2014;3036773
Germany;2015;3206042
Germany;2016;3351607
Germany;2017;3441262
Germany;2018;3435778
Germany;2019;3607258
Germany;2020;2917678
Germany;2021;2622132
Germany;2022;2651357
UK;2005;2439717
UK;2006;2344864
UK;2007;2404007
UK;2008;2131795
UK;2009;1994999
UK;2010;2030846
UK;2011;1941253
UK;2012;2044609
UK;2013;2264737
UK;2014;2476435
UK;2015;2633503
UK;2016;2692786
UK;2017;2540617
UK;2018;2367147
UK;2019;2311140
UK;2020;1631064
UK;2021;1647181
UK;2022;1614063
Brazil;2005;1439822
Brazil;2006;1632947
Brazil;2007;2085718
Brazil;2008;2341300
Brazil;2009;2643862
Brazil;2010;2856540
Brazil;2011;2901647
Brazil;2012;3115223
Brazil;2013;3040783
Brazil;2014;2794687
Brazil;2015;2123009
Brazil;2016;1676722
Brazil;2017;1856450
Brazil;2018;2101884
Brazil;2019;2262069
Brazil;2020;1615942
Brazil;2021;1558467
Brazil;2022;1576666
France;2005;2118042
France;2006;2045745
France;2007;2109672
France;2008;2091369
France;2009;2302398
France;2010;2251669
France;2011;2204229
France;2012;1898760
France;2013;1790456
France;2014;1795885
France;2015;1917226
France;2016;2015177
France;2017;2110748
France;2018;2173481
France;2019;2214280
France;2020;1650126
France;2021;1659005
France;2022;1532035
South Korea;2005;893159
South Korea;2006;932650
South Korea;2007;1010790
South Korea;2008;1017595
South Korea;2009;1221118
South Korea;2010;1237482
South Korea;2011;1293501
South Korea;2012;1256403
South Korea;2013;1243868
South Korea;2014;1359834
South Korea;2015;1533670
South Korea;2016;1533813
South Korea;2017;1526660
South Korea;2018;1525150
South Korea;2019;1497035
South Korea;2020;1618333
South Korea;2021;1468873
South Korea;2022;1420486
Italy;2005;2244108
Italy;2006;2335462
Italy;2007;2494115
Italy;2008;2161359
Italy;2009;2159465
Italy;2010;1961580
Italy;2011;1749740
Italy;2012;1403010
Italy;2013;1304648
Italy;2014;1360578
Italy;2015;1575737
Italy;2016;1824968
Italy;2017;1970497
Italy;2018;1910025
Italy;2019;1916949
Italy;2020;1381496
Italy;2021;1456674
Italy;2022;1316919
Spain;2005;1528877
Spain;2006;1634608
Spain;2007;1614835
Spain;2008;1161176
Spain;2009;952772
Spain;2010;982015
Spain;2011;808051
Spain;2012;699589
Spain;2013;722689
Spain;2014;890125
Spain;2015;1094077
Spain;2016;1147007
Spain;2017;1234932
Spain;2018;1321438
Spain;2019;1258249
Spain;2020;851213
Spain;2021;859476
Spain;2022;813374
Indonesia;2005;364319
Indonesia;2006;222387
Indonesia;2007;314769
Indonesia;2008;425267
Indonesia;2009;359367
Indonesia;2010;541475
Indonesia;2011;602291
Indonesia;2012;780785
Indonesia;2013;880032
Indonesia;2014;863268
Indonesia;2015;755566
Indonesia;2016;834920
Indonesia;2017;833681
Indonesia;2018;878595
Indonesia;2019;785539
Indonesia;2020;388925
Indonesia;2021;659809
Indonesia;2022;783563
Australia;2005;608804
Australia;2006;598394
Australia;2007;637019
Australia;2008;596765
Australia;2009;540562
Australia;2010;592122
Australia;2011;559314
Australia;2012;576855
Australia;2013;566454
Australia;2014;531596
Australia;2015;924154
Australia;2016;927274
Australia;2017;915658
Australia;2018;873713
Australia;2019;799263
Australia;2020;676804
Australia;2021;753256
Australia;2022;777688
Russia;2005;1520225
Russia;2006;1911240
Russia;2007;2514920
Russia;2008;2897459
Russia;2009;1465742
Russia;2010;1912794
Russia;2011;2653688
Russia;2012;2755384
Russia;2013;2649181
Russia;2014;2333067
Russia;2015;1282740
Russia;2016;1239680
Russia;2017;1448700
Russia;2018;1606676
Russia;2019;1567809
Russia;2020;1433956
Russia;2021;1483444
Russia;2022;629923
Turkey;2005;438597
Turkey;2006;373219
Turkey;2007;357465
Turkey;2008;305998
Turkey;2009;369819
Turkey;2010;509784
Turkey;2011;593519
Turkey;2012;556280
Turkey;2013;664655
Turkey;2014;587331
Turkey;2015;725596
Turkey;2016;756938
Turkey;2017;722759
Turkey;2018;486321
Turkey;2019;387256
Turkey;2020;610109
Turkey;2021;561853
Turkey;2022;592660
Malaysia;2005;410892
Malaysia;2006;374169
Malaysia;2007;442885
Malaysia;2008;497459
Malaysia;2009;486342
Malaysia;2010;543594
Malaysia;2011;535113
Malaysia;2012;552189
Malaysia;2013;576657
Malaysia;2014;588348
Malaysia;2015;591275
Malaysia;2016;514545
Malaysia;2017;514680
Malaysia;2018;533201
Malaysia;2019;550182
Malaysia;2020;480965
Malaysia;2021;452663
Malaysia;2022;544838
Saudi Arabia;2005;407000
Saudi Arabia;2006;399300
Saudi Arabia;2007;403600
Saudi Arabia;2008;400000
Saudi Arabia;2009;390000
Saudi Arabia;2010;450000
Saudi Arabia;2011;460000
Saudi Arabia;2012;540000
Saudi Arabia;2013;570000
Saudi Arabia;2014;632700
Saudi Arabia;2015;672300
Saudi Arabia;2016;549400
Saudi Arabia;2017;424216
Saudi Arabia;2018;340218
Saudi Arabia;2019;460373
Saudi Arabia;2020;387709
Saudi Arabia;2021;475837
Saudi Arabia;2022;519485
Mexico;2005;714010
Mexico;2006;680946
Mexico;2007;641394
Mexico;2008;589045
Mexico;2009;439120
Mexico;2010;503748
Mexico;2011;592101
Mexico;2012;649333
Mexico;2013;698217
Mexico;2014;745250
Mexico;2015;892194
Mexico;2016;1065912
Mexico;2017;984262
Mexico;2018;883043
Mexico;2019;764175
Mexico;2020;532097
Mexico;2021;520112
Mexico;2022;486962
Poland;2005;207007
Poland;2006;224728
Poland;2007;277427
Poland;2008;319190
Poland;2009;276220
Poland;2010;315855
Poland;2011;277427
Poland;2012;272719
Poland;2013;289913
Poland;2014;327709
Poland;2015;354975
Poland;2016;416123
Poland;2017;486352
Poland;2018;531889
Poland;2019;555598
Poland;2020;428347
Poland;2021;446647
Poland;2022;419749
Taiwan;2005;325840
Taiwan;2006;218610
Taiwan;2007;213327
Taiwan;2008;141161
Taiwan;2009;187262
Taiwan;2010;208300
Taiwan;2011;235205
Taiwan;2012;211578
Taiwan;2013;211824
Taiwan;2014;235480
Taiwan;2015;212236
Taiwan;2016;206092
Taiwan;2017;399885
Taiwan;2018;389328
Taiwan;2019;159492
Taiwan;2020;191337
Taiwan;2021;382000
Taiwan;2022;375841
Belgium;2005;480088
Belgium;2006;526141
Belgium;2007;524795
Belgium;2008;535947
Belgium;2009;476194
Belgium;2010;547340
Belgium;2011;572211
Belgium;2012;486737
Belgium;2013;486065
Belgium;2014;482939
Belgium;2015;501066
Belgium;2016;539519
Belgium;2017;546558
Belgium;2018;549632
Belgium;2019;550008
Belgium;2020;424492
Belgium;2021;383123
Belgium;2022;366333
South Africa;2005;419868
South Africa;2006;481558
South Africa;2007;434653
South Africa;2008;329262
South Africa;2009;258129
South Africa;2010;337130
South Africa;2011;396292
South Africa;2012;440002
South Africa;2013;450561
South Africa;2014;439264
South Africa;2015;412670
South Africa;2016;361289
South Africa;2017;361289
South Africa;2018;365242
South Africa;2019;355378
South Africa;2020;247571
South Africa;2021;304340
South Africa;2022;363696
Thailand;2005;178291
Thailand;2006;184544
Thailand;2007;172321
Thailand;2008;226805
Thailand;2009;230037
Thailand;2010;346644
Thailand;2011;360441
Thailand;2012;660214
Thailand;2013;631225
Thailand;2014;369826
Thailand;2015;356063
Thailand;2016;328053
Thailand;2017;665871
Thailand;2018;729709
Thailand;2019;468638
Thailand;2020;343494
Thailand;2021;312200
Thailand;2022;343349
Netherlands;2005;465196
Netherlands;2006;483999
Netherlands;2007;504300
Netherlands;2008;499980
Netherlands;2009;387699
Netherlands;2010;482531
Netherlands;2011;555812
Netherlands;2012;502544
Netherlands;2013;416717
Netherlands;2014;387569
Netherlands;2015;449350
Netherlands;2016;382825
Netherlands;2017;414306
Netherlands;2018;443531
Netherlands;2019;446057
Netherlands;2020;357996
Netherlands;2021;324336
Netherlands;2022;313609
Chile;2005;140000
Chile;2006;140000
Chile;2007;180000
Chile;2008;181523
Chile;2009;130753
Chile;2010;212336
Chile;2011;245116
Chile;2012;257013
Chile;2013;286588
Chile;2014;256160
Chile;2015;212023
Chile;2016;228909
Chile;2017;276785
Chile;2018;315326
Chile;2019;260683
Chile;2020;194128
Chile;2021;304045
Chile;2022;313589
Sweden;2005;274301
Sweden;2006;282766
Sweden;2007;306794
Sweden;2008;253982
Sweden;2009;213408
Sweden;2010;289684
Sweden;2011;304984
Sweden;2012;279899
Sweden;2013;269599
Sweden;2014;303948
Sweden;2015;345108
Sweden;2016;372318
Sweden;2017;379393
Sweden;2018;353729
Sweden;2019;356036
Sweden;2020;292024
Sweden;2021;301006
Sweden;2022;288087
Vietnam;2005;24888
Vietnam;2006;23335
Vietnam;2007;40115
Vietnam;2008;50877
Vietnam;2009;62722
Vietnam;2010;57778
Vietnam;2011;64564
Vietnam;2012;44070
Vietnam;2013;59857
Vietnam;2014;79813
Vietnam;2015;117288
Vietnam;2016;159501
Vietnam;2017;152799
Vietnam;2018;197752
Vietnam;2019;229539
Vietnam;2020;215908
Vietnam;2021;207693
Vietnam;2022;283352
Argentina;2005;290648
Argentina;2006;336296
Argentina;2007;422230
Argentina;2008;452539
Argentina;2009;373231
Argentina;2010;522591
Argentina;2011;673853
Argentina;2012;596397
Argentina;2013;684379
Argentina;2014;432696
Argentina;2015;480952
Argentina;2016;525757
Argentina;2017;663550
Argentina;2018;610943
Argentina;2019;282299
Argentina;2020;223438
Argentina;2021;241619
Argentina;2022;260876
Canada;2005;847436
Canada;2006;858826
Canada;2007;841585
Canada;2008;872720
Canada;2009;729023
Canada;2010;694349
Canada;2011;681956
Canada;2012;748530
Canada;2013;755615
Canada;2014;760449
Canada;2015;712322
Canada;2016;661088
Canada;2017;639824
Canada;2018;577711
Canada;2019;496846
Canada;2020;318750
Canada;2021;320605
Canada;2022;258483
Israel;2005;130000
Israel;2006;130000
Israel;2007;200000
Israel;2008;170000
Israel;2009;160000
Israel;2010;200000
Israel;2011;210000
Israel;2012;190000
Israel;2013;200000
Israel;2014;228000
Israel;2015;247300
Israel;2016;276900
Israel;2017;271134
Israel;2018;257465
Israel;2019;239671
Israel;2020;202366
Israel;2021;272646
Israel;2022;257743
Philippines;2005;35063
Philippines;2006;38131
Philippines;2007;41107
Philippines;2008;44313
Philippines;2009;46111
Philippines;2010;59623
Philippines;2011;57768
Philippines;2012;64165
Philippines;2013;76822
Philippines;2014;90287
Philippines;2015;116381
Philippines;2016;133188
Philippines;2017;295459
Philippines;2018;252848
Philippines;2019;258555
Philippines;2020;153833
Philippines;2021;180642
Philippines;2022;226403
Switzerland;2005;266770
Switzerland;2006;269421
Switzerland;2007;284674
Switzerland;2008;288525
Switzerland;2009;266018
Switzerland;2010;294239
Switzerland;2011;318958
Switzerland;2012;328139
Switzerland;2013;307885
Switzerland;2014;301942
Switzerland;2015;323783
Switzerland;2016;317318
Switzerland;2017;311996
Switzerland;2018;299135
Switzerland;2019;311466
Switzerland;2020;236828
Switzerland;2021;238481
Switzerland;2022;226006
Austria;2005;307915
Austria;2006;308594
Austria;2007;298182
Austria;2008;293697
Austria;2009;319403
Austria;2010;328563
Austria;2011;356145
Austria;2012;336010
Austria;2013;319035
Austria;2014;303318
Austria;2015;308555
Austria;2016;329604
Austria;2017;353320
Austria;2018;341068
Austria;2019;320381
Austria;2020;257721
Austria;2021;239803
Austria;2022;215050
Colombia;2005;120000
Colombia;2006;160000
Colombia;2007;200000
Colombia;2008;180000
Colombia;2009;170000
Colombia;2010;250000
Colombia;2011;250000
Colombia;2012;240000
Colombia;2013;238800
Colombia;2014;265100
Colombia;2015;236800
Colombia;2016;215700
Colombia;2017;206336
Colombia;2018;220088
Colombia;2019;220581
Colombia;2020;85282
Colombia;2021;200914
Colombia;2022;208160
Czechia;2005;151699
Czechia;2006;156686
Czechia;2007;174456
Czechia;2008;182554
Czechia;2009;167708
Czechia;2010;169580
Czechia;2011;173595
Czechia;2012;174009
Czechia;2013;164736
Czechia;2014;192314
Czechia;2015;230857
Czechia;2016;259693
Czechia;2017;271595
Czechia;2018;261437
Czechia;2019;249915
Czechia;2020;202971
Czechia;2021;206876
Czechia;2022;192087
Pakistan;2005;141326
Pakistan;2006;160256
Pakistan;2007;159457
Pakistan;2008;127863
Pakistan;2009;94437
Pakistan;2010;130038
Pakistan;2011;140184
Pakistan;2012;136026
Pakistan;2013;121122
Pakistan;2014;123950
Pakistan;2015;182231
Pakistan;2016;177222
Pakistan;2017;203314
Pakistan;2018;217392
Pakistan;2019;162689
Pakistan;2020;104387
Pakistan;2021;198921
Pakistan;2022;188318
Norway;2005;109907
Norway;2006;109164
Norway;2007;129195
Norway;2008;110617
Norway;2009;98675
Norway;2010;127754
Norway;2011;138345
Norway;2012;137967
Norway;2013;142151
Norway;2014;144202
Norway;2015;150686
Norway;2016;154603
Norway;2017;158650
Norway;2018;147929
Norway;2019;133964
Norway;2020;124424
Norway;2021;176276
Norway;2022;174329
UA Emirates;2005;137000
UA Emirates;2006;150000
UA Emirates;2007;135000
UA Emirates;2008;191544
UA Emirates;2009;90238
UA Emirates;2010;136979
UA Emirates;2011;193268
UA Emirates;2012;211500
UA Emirates;2013;206700
UA Emirates;2014;206700
UA Emirates;2015;214000
UA Emirates;2016;166400
UA Emirates;2017;0
UA Emirates;2018;0
UA Emirates;2019;198520
UA Emirates;2020;129901
UA Emirates;2021;156780
UA Emirates;2022;171414
Portugal;2005;206488
Portugal;2006;194702
Portugal;2007;201816
Portugal;2008;213389
Portugal;2009;161013
Portugal;2010;223464
Portugal;2011;153404
Portugal;2012;95309
Portugal;2013;105921
Portugal;2014;142826
Portugal;2015;178503
Portugal;2016;207345
Portugal;2017;222129
Portugal;2018;228327
Portugal;2019;223799
Portugal;2020;145417
Portugal;2021;149740
Portugal;2022;156304
Uzbekistan;2005;28500
Uzbekistan;2006;31100
Uzbekistan;2007;31700
Uzbekistan;2008;43000
Uzbekistan;2009;45000
Uzbekistan;2010;43500
Uzbekistan;2011;48000
Uzbekistan;2012;45000
Uzbekistan;2013;45500
Uzbekistan;2014;46000
Uzbekistan;2015;46000
Uzbekistan;2016;43900
Uzbekistan;2017;46000
Uzbekistan;2018;47500
Uzbekistan;2019;147827
Uzbekistan;2020;146250
Uzbekistan;2021;138377
Uzbekistan;2022;153750
Denmark;2005;148819
Denmark;2006;156936
Denmark;2007;162686
Denmark;2008;150199
Denmark;2009;112454
Denmark;2010;153858
Denmark;2011;170036
Denmark;2012;170763
Denmark;2013;182086
Denmark;2014;189055
Denmark;2015;207717
Denmark;2016;222924
Denmark;2017;221821
Denmark;2018;218566
Denmark;2019;225581
Denmark;2020;198130
Denmark;2021;185324
Denmark;2022;148293
Morocco;2005;56183
Morocco;2006;75295
Morocco;2007;90941
Morocco;2008;102095
Morocco;2009;93761
Morocco;2010;91119
Morocco;2011;99727
Morocco;2012;117818
Morocco;2013;108177
Morocco;2014;109649
Morocco;2015;120875
Morocco;2016;152324
Morocco;2017;155306
Morocco;2018;163223
Morocco;2019;148354
Morocco;2020;117046
Morocco;2021;154284
Morocco;2022;143265
Egypt;2005;94538
Egypt;2006;132373
Egypt;2007;179149
Egypt;2008;203729
Egypt;2009;158926
Egypt;2010;192848
Egypt;2011;210300
Egypt;2012;222700
Egypt;2013;220000
Egypt;2014;273500
Egypt;2015;258400
Egypt;2016;214800
Egypt;2017;100533
Egypt;2018;145873
Egypt;2019;127443
Egypt;2020;167792
Egypt;2021;215072
Egypt;2022;133857
Romania;2005;214967
Romania;2006;247411
Romania;2007;312533
Romania;2008;285506
Romania;2009;116016
Romania;2010;94441
Romania;2011;81709
Romania;2012;66436
Romania;2013;57710
Romania;2014;82809
Romania;2015;98325
Romania;2016;115004
Romania;2017;105083
Romania;2018;129004
Romania;2019;161562
Romania;2020;126351
Romania;2021;120804
Romania;2022;127948
Peru;2005;14231
Peru;2006;20061
Peru;2007;28430
Peru;2008;55312
Peru;2009;48775
Peru;2010;73858
Peru;2011;93055
Peru;2012;128295
Peru;2013;139453
Peru;2014;140363
Peru;2015;137039
Peru;2016;133671
Peru;2017;134623
Peru;2018;115441
Peru;2019;115241
Peru;2020;81496
Peru;2021;111436
Peru;2022;118915
New Zealand;2005;77825
New Zealand;2006;76804
New Zealand;2007;77454
New Zealand;2008;73397
New Zealand;2009;54404
New Zealand;2010;62029
New Zealand;2011;63471
New Zealand;2012;76871
New Zealand;2013;82433
New Zealand;2014;90131
New Zealand;2015;94964
New Zealand;2016;102514
New Zealand;2017;107951
New Zealand;2018;107674
New Zealand;2019;103610
New Zealand;2020;80433
New Zealand;2021;111299
New Zealand;2022;116334
Hungary;2005;198982
Hungary;2006;187676
Hungary;2007;171661
Hungary;2008;153278
Hungary;2009;60189
Hungary;2010;43476
Hungary;2011;45094
Hungary;2012;53059
Hungary;2013;56139
Hungary;2014;67476
Hungary;2015;77171
Hungary;2016;96552
Hungary;2017;116265
Hungary;2018;136601
Hungary;2019;157900
Hungary;2020;128021
Hungary;2021;121920
Hungary;2022;111524
Greece;2005;269728
Greece;2006;267669
Greece;2007;279745
Greece;2008;267295
Greece;2009;219730
Greece;2010;141501
Greece;2011;97680
Greece;2012;58482
Greece;2013;58694
Greece;2014;71218
Greece;2015;75805
Greece;2016;78873
Greece;2017;88083
Greece;2018;103431
Greece;2019;114109
Greece;2020;80977
Greece;2021;100916
Greece;2022;105283
Ireland;2005;171742
Ireland;2006;178484
Ireland;2007;186325
Ireland;2008;151607
Ireland;2009;57453
Ireland;2010;88446
Ireland;2011;89911
Ireland;2012;79498
Ireland;2013;74367
Ireland;2014;96284
Ireland;2015;124804
Ireland;2016;146600
Ireland;2017;131332
Ireland;2018;125557
Ireland;2019;117109
Ireland;2020;88324
Ireland;2021;104669
Ireland;2022;105253
Ecuador;2005;54342
Ecuador;2006;58900
Ecuador;2007;58334
Ecuador;2008;69556
Ecuador;2009;60596
Ecuador;2010;90250
Ecuador;2011;94297
Ecuador;2012;80644
Ecuador;2013;74169
Ecuador;2014;78495
Ecuador;2015;52101
Ecuador;2016;44816
Ecuador;2017;94635
Ecuador;2018;105046
Ecuador;2019;97572
Ecuador;2020;61746
Ecuador;2021;86740
Ecuador;2022;100069
Kazakhstan;2005;39800
Kazakhstan;2006;39000
Kazakhstan;2007;39400
Kazakhstan;2008;39000
Kazakhstan;2009;40000
Kazakhstan;2010;24000
Kazakhstan;2011;38348
Kazakhstan;2012;86959
Kazakhstan;2013;153664
Kazakhstan;2014;151424
Kazakhstan;2015;81500
Kazakhstan;2016;86707
Kazakhstan;2017;41915
Kazakhstan;2018;52836
Kazakhstan;2019;77324
Kazakhstan;2020;100595
Kazakhstan;2021;0
Kazakhstan;2022;97169
Kuwait;2005;50000
Kuwait;2006;65000
Kuwait;2007;70000
Kuwait;2008;80000
Kuwait;2009;90000
Kuwait;2010;90000
Kuwait;2011;95000
Kuwait;2012;116500
Kuwait;2013;125000
Kuwait;2014;126300
Kuwait;2015;124200
Kuwait;2016;95400
Kuwait;2017;91251
Kuwait;2018;91223
Kuwait;2019;98454
Kuwait;2020;72648
Kuwait;2021;83460
Kuwait;2022;93465
Finland;2005;148161
Finland;2006;145700
Finland;2007;125608
Finland;2008;139669
Finland;2009;90574
Finland;2010;111968
Finland;2011;126123
Finland;2012;111251
Finland;2013;103455
Finland;2014;106237
Finland;2015;108819
Finland;2016;118991
Finland;2017;120480
Finland;2018;120480
Finland;2019;114202
Finland;2020;96392
Finland;2021;98481
Finland;2022;81674
Slovakia;2005;56916
Slovakia;2006;59084
Slovakia;2007;59700
Slovakia;2008;70040
Slovakia;2009;74717
Slovakia;2010;64033
Slovakia;2011;68203
Slovakia;2012;69268
Slovakia;2013;65998
Slovakia;2014;72237
Slovakia;2015;77968
Slovakia;2016;88165
Slovakia;2017;96105
Slovakia;2018;98080
Slovakia;2019;101568
Slovakia;2020;76305
Slovakia;2021;75700
Slovakia;2022;78841
Croatia;2005;70541
Croatia;2006;78775
Croatia;2007;82664
Croatia;2008;88265
Croatia;2009;44918
Croatia;2010;38587
Croatia;2011;41561
Croatia;2012;31360
Croatia;2013;27802
Croatia;2014;33962
Croatia;2015;35715
Croatia;2016;44106
Croatia;2017;50769
Croatia;2018;60041
Croatia;2019;62977
Croatia;2020;36057
Croatia;2021;44929
Croatia;2022;42955
Ukraine;2005;258395
Ukraine;2006;361549
Ukraine;2007;500357
Ukraine;2008;599985
Ukraine;2009;170085
Ukraine;2010;169540
Ukraine;2011;207453
Ukraine;2012;237602
Ukraine;2013;213322
Ukraine;2014;97020
Ukraine;2015;46546
Ukraine;2016;65562
Ukraine;2017;82330
Ukraine;2018;81877
Ukraine;2019;88437
Ukraine;2020;85450
Ukraine;2021;103262
Ukraine;2022;37891
Bulgaria;2005;25956
Bulgaria;2006;36455
Bulgaria;2007;43521
Bulgaria;2008;45143
Bulgaria;2009;22869
Bulgaria;2010;16257
Bulgaria;2011;19250
Bulgaria;2012;19419
Bulgaria;2013;19352
Bulgaria;2014;23500
Bulgaria;2015;23500
Bulgaria;2016;26370
Bulgaria;2017;33265
Bulgaria;2018;37506
Bulgaria;2019;35371
Bulgaria;2020;22368
Bulgaria;2021;24537
Bulgaria;2022;28684
Albania;2005;800
Albania;2006;800
Albania;2007;1600
Albania;2008;1600
Albania;2009;1000
Albania;2010;1600
Albania;2011;2100
Albania;2012;2300
Albania;2013;2300
Albania;2014;2500
Albania;2015;2500
Albania;2016;2500
Albania;2017;1370
Albania;2018;2175
Albania;2019;3005
Albania;2020;0
Albania;2021;0
Albania;2022;0
Algeria;2005;71046
Algeria;2006;81803
Algeria;2007;97239
Algeria;2008;111753
Algeria;2009;131259
Algeria;2010;97765
Algeria;2011;165415
Algeria;2012;188990
Algeria;2013;222710
Algeria;2014;178200
Algeria;2015;177517
Algeria;2016;85300
Algeria;2017;97983
Algeria;2018;123698
Algeria;2019;118689
Algeria;2020;0
Algeria;2021;0
Algeria;2022;0
Angola;2005;6000
Angola;2006;8000
Angola;2007;3500
Angola;2008;3500
Angola;2009;10000
Angola;2010;20000
Angola;2011;10000
Angola;2012;17000
Angola;2013;20000
Angola;2014;24000
Angola;2015;14700
Angola;2016;5600
Angola;2017;2875
Angola;2018;1825
Angola;2019;2080
Angola;2020;0
Angola;2021;0
Angola;2022;0
Armenia;2005;11000
Armenia;2006;12000
Armenia;2007;6000
Armenia;2008;4000
Armenia;2009;4000
Armenia;2010;4000
Armenia;2011;4000
Armenia;2012;5000
Armenia;2013;5000
Armenia;2014;5200
Armenia;2015;2300
Armenia;2016;2500
Armenia;2017;2200
Armenia;2018;1200
Armenia;2019;970
Armenia;2020;0
Armenia;2021;0
Armenia;2022;0
Azerbaijan;2005;12100
Azerbaijan;2006;13000
Azerbaijan;2007;15000
Azerbaijan;2008;15000
Azerbaijan;2009;10000
Azerbaijan;2010;13000
Azerbaijan;2011;10000
Azerbaijan;2012;14000
Azerbaijan;2013;21000
Azerbaijan;2014;23300
Azerbaijan;2015;9100
Azerbaijan;2016;4300
Azerbaijan;2017;1700
Azerbaijan;2018;3200
Azerbaijan;2019;6046
Azerbaijan;2020;0
Azerbaijan;2021;0
Azerbaijan;2022;0
Bahamas;2005;2500
Bahamas;2006;2000
Bahamas;2007;2000
Bahamas;2008;2000
Bahamas;2009;3500
Bahamas;2010;2000
Bahamas;2011;2000
Bahamas;2012;2500
Bahamas;2013;2000
Bahamas;2014;1600
Bahamas;2015;2800
Bahamas;2016;2700
Bahamas;2017;1332
Bahamas;2018;1332
Bahamas;2019;1332
Bahamas;2020;0
Bahamas;2021;0
Bahamas;2022;0
Bahrain;2005;18000
Bahrain;2006;18000
Bahrain;2007;20000
Bahrain;2008;30000
Bahrain;2009;28000
Bahrain;2010;29000
Bahrain;2011;26000
Bahrain;2012;40000
Bahrain;2013;43500
Bahrain;2014;49600
Bahrain;2015;47700
Bahrain;2016;39200
Bahrain;2017;32439
Bahrain;2018;31855
Bahrain;2019;26372
Bahrain;2020;0
Bahrain;2021;0
Bahrain;2022;0
Bangladesh;2005;6500
Bangladesh;2006;9000
Bangladesh;2007;12000
Bangladesh;2008;17000
Bangladesh;2009;21500
Bangladesh;2010;20700
Bangladesh;2011;20800
Bangladesh;2012;24600
Bangladesh;2013;24000
Bangladesh;2014;29300
Bangladesh;2015;28500
Bangladesh;2016;15400
Bangladesh;2017;2500
Bangladesh;2018;2750
Bangladesh;2019;3000
Bangladesh;2020;0
Bangladesh;2021;0
Bangladesh;2022;0
Belarus;2005;9000
Belarus;2006;13000
Belarus;2007;20000
Belarus;2008;22000
Belarus;2009;12000
Belarus;2010;15000
Belarus;2011;15000
Belarus;2012;20000
Belarus;2013;19600
Belarus;2014;22300
Belarus;2015;22400
Belarus;2016;20200
Belarus;2017;30659
Belarus;2018;48315
Belarus;2019;56592
Belarus;2020;0
Belarus;2021;0
Belarus;2022;0
Belize;2005;100
Belize;2006;200
Belize;2007;100
Belize;2008;200
Belize;2009;150
Belize;2010;100
Belize;2011;100
Belize;2012;200
Belize;2013;200
Belize;2014;200
Belize;2015;400
Belize;2016;400
Belize;2017;374
Belize;2018;348
Belize;2019;348
Belize;2020;0
Belize;2021;0
Belize;2022;0
Bolivia;2005;1000
Bolivia;2006;1500
Bolivia;2007;1500
Bolivia;2008;1500
Bolivia;2009;1000
Bolivia;2010;8000
Bolivia;2011;9500
Bolivia;2012;14000
Bolivia;2013;13900
Bolivia;2014;18500
Bolivia;2015;12800
Bolivia;2016;16900
Bolivia;2017;21807
Bolivia;2018;22612
Bolivia;2019;20319
Bolivia;2020;0
Bolivia;2021;0
Bolivia;2022;0
Bosnia & Herz.;2005;10000
Bosnia & Herz.;2006;10000
Bosnia & Herz.;2007;15000
Bosnia & Herz.;2008;13000
Bosnia & Herz.;2009;12000
Bosnia & Herz.;2010;10000
Bosnia & Herz.;2011;10000
Bosnia & Herz.;2012;10000
Bosnia & Herz.;2013;9800
Bosnia & Herz.;2014;8900
Bosnia & Herz.;2015;8700
Bosnia & Herz.;2016;9400
Bosnia & Herz.;2017;21807
Bosnia & Herz.;2018;22612
Bosnia & Herz.;2019;10038
Bosnia & Herz.;2020;0
Bosnia & Herz.;2021;0
Bosnia & Herz.;2022;0
Botswana;2005;12905
Botswana;2006;13073
Botswana;2007;16538
Botswana;2008;20037
Botswana;2009;19354
Botswana;2010;20972
Botswana;2011;25204
Botswana;2012;31471
Botswana;2013;31122
Botswana;2014;26500
Botswana;2015;3400
Botswana;2016;3500
Botswana;2017;3500
Botswana;2018;3531
Botswana;2019;1050
Botswana;2020;0
Botswana;2021;0
Botswana;2022;0
Brunei;2005;15000
Brunei;2006;15000
Brunei;2007;10000
Brunei;2008;15000
Brunei;2009;10000
Brunei;2010;10000
Brunei;2011;15000
Brunei;2012;15000
Brunei;2013;14700
Brunei;2014;18100
Brunei;2015;13900
Brunei;2016;13400
Brunei;2017;12052
Brunei;2018;12200
Brunei;2019;10949
Brunei;2020;0
Brunei;2021;0
Brunei;2022;0
Burkina Faso;2005;500
Burkina Faso;2006;500
Burkina Faso;2007;500
Burkina Faso;2008;600
Burkina Faso;2009;550
Burkina Faso;2010;700
Burkina Faso;2011;500
Burkina Faso;2012;500
Burkina Faso;2013;700
Burkina Faso;2014;700
Burkina Faso;2015;1100
Burkina Faso;2016;1800
Burkina Faso;2017;376
Burkina Faso;2018;537
Burkina Faso;2019;537
Burkina Faso;2020;0
Burkina Faso;2021;0
Burkina Faso;2022;0
Burma;2005;1000
Burma;2006;1000
Burma;2007;1000
Burma;2008;1200
Burma;2009;1500
Burma;2010;1800
Burma;2011;1800
Burma;2012;2100
Burma;2013;2000
Burma;2014;1000
Burma;2015;1000
Burma;2016;1300
Burma;2017;2113
Burma;2018;4531
Burma;2019;7167
Burma;2020;0
Burma;2021;0
Burma;2022;0
Burundi;2005;500
Burundi;2006;500
Burundi;2007;600
Burundi;2008;700
Burundi;2009;700
Burundi;2010;300
Burundi;2011;200
Burundi;2012;210
Burundi;2013;210
Burundi;2014;200
Burundi;2015;200
Burundi;2016;400
Burundi;2017;14
Burundi;2018;10
Burundi;2019;10
Burundi;2020;0
Burundi;2021;0
Burundi;2022;0
Cambodia;2005;1000
Cambodia;2006;1000
Cambodia;2007;1500
Cambodia;2008;1500
Cambodia;2009;1500
Cambodia;2010;1500
Cambodia;2011;2000
Cambodia;2012;2000
Cambodia;2013;2000
Cambodia;2014;2400
Cambodia;2015;1000
Cambodia;2016;800
Cambodia;2017;838
Cambodia;2018;811
Cambodia;2019;1275
Cambodia;2020;0
Cambodia;2021;0
Cambodia;2022;0
Cameroon;2005;1300
Cameroon;2006;1400
Cameroon;2007;1400
Cameroon;2008;1400
Cameroon;2009;1400
Cameroon;2010;1400
Cameroon;2011;1400
Cameroon;2012;1900
Cameroon;2013;2400
Cameroon;2014;2300
Cameroon;2015;1700
Cameroon;2016;1900
Cameroon;2017;1538
Cameroon;2018;1529
Cameroon;2019;1529
Cameroon;2020;0
Cameroon;2021;0
Cameroon;2022;0
Costa Rica;2005;13000
Costa Rica;2006;15000
Costa Rica;2007;13000
Costa Rica;2008;15000
Costa Rica;2009;12000
Costa Rica;2010;20000
Costa Rica;2011;30000
Costa Rica;2012;30000
Costa Rica;2013;29800
Costa Rica;2014;35200
Costa Rica;2015;41800
Costa Rica;2016;48300
Costa Rica;2017;41330
Costa Rica;2018;33352
Costa Rica;2019;30825
Costa Rica;2020;0
Costa Rica;2021;0
Costa Rica;2022;0
Cuba;2005;2000
Cuba;2006;2000
Cuba;2007;3000
Cuba;2008;3000
Cuba;2009;1500
Cuba;2010;2000
Cuba;2011;3000
Cuba;2012;4000
Cuba;2013;4000
Cuba;2014;4000
Cuba;2015;4000
Cuba;2016;5900
Cuba;2017;4386
Cuba;2018;4470
Cuba;2019;2280
Cuba;2020;0
Cuba;2021;0
Cuba;2022;0
Cyprus;2005;17687
Cyprus;2006;18639
Cyprus;2007;22878
Cyprus;2008;22241
Cyprus;2009;14981
Cyprus;2010;14088
Cyprus;2011;13480
Cyprus;2012;10123
Cyprus;2013;7000
Cyprus;2014;8276
Cyprus;2015;10344
Cyprus;2016;12643
Cyprus;2017;13127
Cyprus;2018;13135
Cyprus;2019;12438
Cyprus;2020;0
Cyprus;2021;0
Cyprus;2022;0
Domin. Rep.;2005;16000
Domin. Rep.;2006;16000
Domin. Rep.;2007;18000
Domin. Rep.;2008;20000
Domin. Rep.;2009;8000
Domin. Rep.;2010;15000
Domin. Rep.;2011;15000
Domin. Rep.;2012;15000
Domin. Rep.;2013;14900
Domin. Rep.;2014;17400
Domin. Rep.;2015;5061
Domin. Rep.;2016;4204
Domin. Rep.;2017;24
Domin. Rep.;2018;108
Domin. Rep.;2019;12606
Domin. Rep.;2020;0
Domin. Rep.;2021;0
Domin. Rep.;2022;0
DR Congo;2005;0
DR Congo;2006;0
DR Congo;2007;0
DR Congo;2008;0
DR Congo;2009;0
DR Congo;2010;0
DR Congo;2011;0
DR Congo;2012;0
DR Congo;2013;0
DR Congo;2014;0
DR Congo;2015;2000
DR Congo;2016;1700
DR Congo;2017;245
DR Congo;2018;309
DR Congo;2019;346
DR Congo;2020;0
DR Congo;2021;0
DR Congo;2022;0
El Salvador;2005;4000
El Salvador;2006;6000
El Salvador;2007;8000
El Salvador;2008;10000
El Salvador;2009;2000
El Salvador;2010;3000
El Salvador;2011;3000
El Salvador;2012;5000
El Salvador;2013;5000
El Salvador;2014;5000
El Salvador;2015;5400
El Salvador;2016;4600
El Salvador;2017;7036
El Salvador;2018;7501
El Salvador;2019;6400
El Salvador;2020;0
El Salvador;2021;0
El Salvador;2022;0
Estonia;2005;19640
Estonia;2006;25363
Estonia;2007;30912
Estonia;2008;24579
Estonia;2009;9946
Estonia;2010;10295
Estonia;2011;17070
Estonia;2012;19424
Estonia;2013;19694
Estonia;2014;20969
Estonia;2015;20347
Estonia;2016;22429
Estonia;2017;25618
Estonia;2018;26297
Estonia;2019;32132
Estonia;2020;0
Estonia;2021;0
Estonia;2022;0
Gabon;2005;800
Gabon;2006;1000
Gabon;2007;1200
Gabon;2008;2500
Gabon;2009;2000
Gabon;2010;2000
Gabon;2011;2000
Gabon;2012;3500
Gabon;2013;3000
Gabon;2014;2900
Gabon;2015;1700
Gabon;2016;1700
Gabon;2017;973
Gabon;2018;993
Gabon;2019;1278
Gabon;2020;0
Gabon;2021;0
Gabon;2022;0
Georgia;2005;1500
Georgia;2006;2000
Georgia;2007;6000
Georgia;2008;8000
Georgia;2009;1000
Georgia;2010;4000
Georgia;2011;3000
Georgia;2012;4000
Georgia;2013;4000
Georgia;2014;4300
Georgia;2015;3300
Georgia;2016;3400
Georgia;2017;2550
Georgia;2018;2800
Georgia;2019;2804
Georgia;2020;0
Georgia;2021;0
Georgia;2022;0
Ghana;2005;2500
Ghana;2006;3000
Ghana;2007;3500
Ghana;2008;3500
Ghana;2009;4500
Ghana;2010;4000
Ghana;2011;6000
Ghana;2012;6500
Ghana;2013;6600
Ghana;2014;6900
Ghana;2015;3600
Ghana;2016;4200
Ghana;2017;4066
Ghana;2018;4268
Ghana;2019;3394
Ghana;2020;0
Ghana;2021;0
Ghana;2022;0
Guatemala;2005;8100
Guatemala;2006;9400
Guatemala;2007;12100
Guatemala;2008;12800
Guatemala;2009;13000
Guatemala;2010;14100
Guatemala;2011;15000
Guatemala;2012;16000
Guatemala;2013;15900
Guatemala;2014;17300
Guatemala;2015;18100
Guatemala;2016;16600
Guatemala;2017;14349
Guatemala;2018;14360
Guatemala;2019;13407
Guatemala;2020;0
Guatemala;2021;0
Guatemala;2022;0
Guyana;2005;4085
Guyana;2006;4071
Guyana;2007;4437
Guyana;2008;4357
Guyana;2009;4446
Guyana;2010;4393
Guyana;2011;4719
Guyana;2012;4357
Guyana;2013;4256
Guyana;2014;4248
Guyana;2015;4414
Guyana;2016;0
Guyana;2017;4858
Guyana;2018;5373
Guyana;2019;5450
Guyana;2020;0
Guyana;2021;0
Guyana;2022;0
Honduras;2005;4800
Honduras;2006;5600
Honduras;2007;7100
Honduras;2008;8000
Honduras;2009;6000
Honduras;2010;1000
Honduras;2011;1000
Honduras;2012;1000
Honduras;2013;1000
Honduras;2014;1300
Honduras;2015;900
Honduras;2016;800
Honduras;2017;9766
Honduras;2018;10321
Honduras;2019;9508
Honduras;2020;0
Honduras;2021;0
Honduras;2022;0
Hong Kong;2005;27483
Hong Kong;2006;27877
Hong Kong;2007;33462
Hong Kong;2008;35182
Hong Kong;2009;28797
Hong Kong;2010;41638
Hong Kong;2011;44845
Hong Kong;2012;45283
Hong Kong;2013;46147
Hong Kong;2014;48500
Hong Kong;2015;44261
Hong Kong;2016;36304
Hong Kong;2017;37298
Hong Kong;2018;34596
Hong Kong;2019;29117
Hong Kong;2020;0
Hong Kong;2021;0
Hong Kong;2022;0
Iceland;2005;18060
Iceland;2006;17129
Iceland;2007;15942
Iceland;2008;9033
Iceland;2009;2113
Iceland;2010;3106
Iceland;2011;5038
Iceland;2012;7902
Iceland;2013;7274
Iceland;2014;9536
Iceland;2015;14004
Iceland;2016;18442
Iceland;2017;21324
Iceland;2018;17976
Iceland;2019;11692
Iceland;2020;0
Iceland;2021;0
Iceland;2022;0
Iran;2005;730000
Iran;2006;850000
Iran;2007;900000
Iran;2008;1000000
Iran;2009;1100000
Iran;2010;1410403
Iran;2011;1452965
Iran;2012;901268
Iran;2013;691709
Iran;2014;1106700
Iran;2015;1055400
Iran;2016;1320300
Iran;2017;1361456
Iran;2018;912563
Iran;2019;51103
Iran;2020;0
Iran;2021;0
Iran;2022;0
Iraq;2005;2000
Iraq;2006;5000
Iraq;2007;4000
Iraq;2008;20000
Iraq;2009;35000
Iraq;2010;65000
Iraq;2011;71500
Iraq;2012;80000
Iraq;2013;78200
Iraq;2014;61000
Iraq;2015;33500
Iraq;2016;16000
Iraq;2017;16766
Iraq;2018;32309
Iraq;2019;619028
Iraq;2020;0
Iraq;2021;0
Iraq;2022;0
Ivory Coast;2005;2000
Ivory Coast;2006;2500
Ivory Coast;2007;2000
Ivory Coast;2008;2500
Ivory Coast;2009;3000
Ivory Coast;2010;3500
Ivory Coast;2011;3500
Ivory Coast;2012;5000
Ivory Coast;2013;4000
Ivory Coast;2014;4300
Ivory Coast;2015;4500
Ivory Coast;2016;4300
Ivory Coast;2017;5552
Ivory Coast;2018;6075
Ivory Coast;2019;7522
Ivory Coast;2020;0
Ivory Coast;2021;0
Ivory Coast;2022;0
Jamaica;2005;3000
Jamaica;2006;3000
Jamaica;2007;3000
Jamaica;2008;3000
Jamaica;2009;4000
Jamaica;2010;2000
Jamaica;2011;2000
Jamaica;2012;2000
Jamaica;2013;2000
Jamaica;2014;2300
Jamaica;2015;2300
Jamaica;2016;2000
Jamaica;2017;1887
Jamaica;2018;5232
Jamaica;2019;5232
Jamaica;2020;0
Jamaica;2021;0
Jamaica;2022;0
Jordan;2005;10000
Jordan;2006;5000
Jordan;2007;5000
Jordan;2008;9000
Jordan;2009;10500
Jordan;2010;10000
Jordan;2011;11000
Jordan;2012;11500
Jordan;2013;14500
Jordan;2014;15700
Jordan;2015;14700
Jordan;2016;12400
Jordan;2017;12780
Jordan;2018;13166
Jordan;2019;14000
Jordan;2020;0
Jordan;2021;106304
Jordan;2022;0
Kenya;2005;2000
Kenya;2006;3000
Kenya;2007;2000
Kenya;2008;2000
Kenya;2009;5000
Kenya;2010;4000
Kenya;2011;4000
Kenya;2012;2000
Kenya;2013;2500
Kenya;2014;3000
Kenya;2015;2900
Kenya;2016;2400
Kenya;2017;2124
Kenya;2018;2861
Kenya;2019;2307
Kenya;2020;0
Kenya;2021;0
Kenya;2022;0
Kyrgyzstan;2005;5000
Kyrgyzstan;2006;5000
Kyrgyzstan;2007;5000
Kyrgyzstan;2008;4000
Kyrgyzstan;2009;4500
Kyrgyzstan;2010;4000
Kyrgyzstan;2011;5000
Kyrgyzstan;2012;4000
Kyrgyzstan;2013;4000
Kyrgyzstan;2014;4000
Kyrgyzstan;2015;4000
Kyrgyzstan;2016;1800
Kyrgyzstan;2017;2000
Kyrgyzstan;2018;2100
Kyrgyzstan;2019;1348
Kyrgyzstan;2020;0
Kyrgyzstan;2021;0
Kyrgyzstan;2022;0
Laos;2005;1000
Laos;2006;1000
Laos;2007;1500
Laos;2008;2000
Laos;2009;3000
Laos;2010;4000
Laos;2011;4000
Laos;2012;5000
Laos;2013;6000
Laos;2014;9800
Laos;2015;5600
Laos;2016;4200
Laos;2017;3410
Laos;2018;3741
Laos;2019;4064
Laos;2020;0
Laos;2021;0
Laos;2022;0
Latvia;2005;10467
Latvia;2006;14234
Latvia;2007;21606
Latvia;2008;22217
Latvia;2009;7515
Latvia;2010;7970
Latvia;2011;13234
Latvia;2012;10665
Latvia;2013;10636
Latvia;2014;12452
Latvia;2015;13765
Latvia;2016;16359
Latvia;2017;16698
Latvia;2018;16878
Latvia;2019;16974
Latvia;2020;0
Latvia;2021;0
Latvia;2022;0
Lebanon;2005;15000
Lebanon;2006;15000
Lebanon;2007;20000
Lebanon;2008;33000
Lebanon;2009;32000
Lebanon;2010;33000
Lebanon;2011;31000
Lebanon;2012;35500
Lebanon;2013;35500
Lebanon;2014;38300
Lebanon;2015;38700
Lebanon;2016;35600
Lebanon;2017;37221
Lebanon;2018;33012
Lebanon;2019;22086
Lebanon;2020;0
Lebanon;2021;0
Lebanon;2022;0
Liberia;2005;300
Liberia;2006;200
Liberia;2007;300
Liberia;2008;300
Liberia;2009;200
Liberia;2010;300
Liberia;2011;200
Liberia;2012;210
Liberia;2013;210
Liberia;2014;200
Liberia;2015;200
Liberia;2016;300
Liberia;2017;224
Liberia;2018;80
Liberia;2019;68
Liberia;2020;0
Liberia;2021;0
Liberia;2022;0
Libya;2005;35000
Libya;2006;35000
Libya;2007;36000
Libya;2008;37000
Libya;2009;37500
Libya;2010;38000
Libya;2011;39000
Libya;2012;20000
Libya;2013;30000
Libya;2014;30000
Libya;2015;38500
Libya;2016;31600
Libya;2017;11000
Libya;2018;12500
Libya;2019;16100
Libya;2020;0
Libya;2021;0
Libya;2022;0
Lithuania;2005;16602
Lithuania;2006;25582
Lithuania;2007;32771
Lithuania;2008;19831
Lithuania;2009;5367
Lithuania;2010;6365
Lithuania;2011;10980
Lithuania;2012;12165
Lithuania;2013;12163
Lithuania;2014;14503
Lithuania;2015;17085
Lithuania;2016;20320
Lithuania;2017;25836
Lithuania;2018;32382
Lithuania;2019;43109
Lithuania;2020;0
Lithuania;2021;0
Lithuania;2022;0
Luxembourg;2005;48517
Luxembourg;2006;50837
Luxembourg;2007;51332
Luxembourg;2008;52359
Luxembourg;2009;47265
Luxembourg;2010;49726
Luxembourg;2011;49881
Luxembourg;2012;50398
Luxembourg;2013;46624
Luxembourg;2014;49793
Luxembourg;2015;46473
Luxembourg;2016;50561
Luxembourg;2017;52775
Luxembourg;2018;52786
Luxembourg;2019;54938
Luxembourg;2020;0
Luxembourg;2021;0
Luxembourg;2022;0
Madagascar;2005;930
Madagascar;2006;1100
Madagascar;2007;1100
Madagascar;2008;1000
Madagascar;2009;900
Madagascar;2010;900
Madagascar;2011;1100
Madagascar;2012;1200
Madagascar;2013;1200
Madagascar;2014;1600
Madagascar;2015;1200
Madagascar;2016;800
Madagascar;2017;1199
Madagascar;2018;1138
Madagascar;2019;1043
Madagascar;2020;0
Madagascar;2021;0
Madagascar;2022;0
Malawi;2005;930
Malawi;2006;1100
Malawi;2007;1100
Malawi;2008;1000
Malawi;2009;1000
Malawi;2010;1500
Malawi;2011;1500
Malawi;2012;1000
Malawi;2013;1000
Malawi;2014;1100
Malawi;2015;1200
Malawi;2016;1500
Malawi;2017;569
Malawi;2018;724
Malawi;2019;598
Malawi;2020;0
Malawi;2021;0
Malawi;2022;0
Malta;2005;6552
Malta;2006;6745
Malta;2007;6240
Malta;2008;5423
Malta;2009;5894
Malta;2010;4056
Malta;2011;5428
Malta;2012;5884
Malta;2013;5749
Malta;2014;6451
Malta;2015;7121
Malta;2016;7333
Malta;2017;7825
Malta;2018;8128
Malta;2019;7621
Malta;2020;0
Malta;2021;0
Malta;2022;0
Mauritius;2005;2900
Mauritius;2006;3500
Mauritius;2007;4000
Mauritius;2008;4000
Mauritius;2009;3000
Mauritius;2010;4000
Mauritius;2011;3000
Mauritius;2012;7000
Mauritius;2013;7500
Mauritius;2014;8600
Mauritius;2015;8000
Mauritius;2016;8700
Mauritius;2017;8753
Mauritius;2018;8288
Mauritius;2019;7722
Mauritius;2020;0
Mauritius;2021;0
Mauritius;2022;0
Moldova;2005;4000
Moldova;2006;5000
Moldova;2007;7000
Moldova;2008;11000
Moldova;2009;4000
Moldova;2010;5000
Moldova;2011;5500
Moldova;2012;5000
Moldova;2013;5000
Moldova;2014;5600
Moldova;2015;3700
Moldova;2016;4300
Moldova;2017;5260
Moldova;2018;5960
Moldova;2019;6406
Moldova;2020;0
Moldova;2021;0
Moldova;2022;0
Mongolia;2005;500
Mongolia;2006;500
Mongolia;2007;1000
Mongolia;2008;3000
Mongolia;2009;3000
Mongolia;2010;3000
Mongolia;2011;3000
Mongolia;2012;2000
Mongolia;2013;1500
Mongolia;2014;1100
Mongolia;2015;700
Mongolia;2016;1300
Mongolia;2017;5260
Mongolia;2018;5960
Mongolia;2019;2970
Mongolia;2020;0
Mongolia;2021;0
Mongolia;2022;0
N. Caledonia;2005;7397
N. Caledonia;2006;7251
N. Caledonia;2007;7717
N. Caledonia;2008;7853
N. Caledonia;2009;7246
N. Caledonia;2010;7354
N. Caledonia;2011;7525
N. Caledonia;2012;7250
N. Caledonia;2013;6272
N. Caledonia;2014;6469
N. Caledonia;2015;6068
N. Caledonia;2016;5662
N. Caledonia;2017;5921
N. Caledonia;2018;5571
N. Caledonia;2019;5818
N. Caledonia;2020;0
N. Caledonia;2021;0
N. Caledonia;2022;0
Nepal;2005;1000
Nepal;2006;1000
Nepal;2007;2000
Nepal;2008;1500
Nepal;2009;2000
Nepal;2010;1000
Nepal;2011;3000
Nepal;2012;3600
Nepal;2013;3500
Nepal;2014;5300
Nepal;2015;4000
Nepal;2016;6400
Nepal;2017;7445
Nepal;2018;6759
Nepal;2019;7505
Nepal;2020;0
Nepal;2021;0
Nepal;2022;0
Nicaragua;2005;3000
Nicaragua;2006;6000
Nicaragua;2007;6000
Nicaragua;2008;6000
Nicaragua;2009;4000
Nicaragua;2010;3000
Nicaragua;2011;3000
Nicaragua;2012;3000
Nicaragua;2013;4000
Nicaragua;2014;5200
Nicaragua;2015;4800
Nicaragua;2016;5400
Nicaragua;2017;7699
Nicaragua;2018;9567
Nicaragua;2019;1296
Nicaragua;2020;0
Nicaragua;2021;0
Nicaragua;2022;0
Nigeria;2005;16000
Nigeria;2006;22000
Nigeria;2007;7000
Nigeria;2008;7000
Nigeria;2009;34000
Nigeria;2010;25000
Nigeria;2011;30000
Nigeria;2012;40000
Nigeria;2013;40000
Nigeria;2014;42000
Nigeria;2015;15600
Nigeria;2016;19200
Nigeria;2017;4700
Nigeria;2018;8550
Nigeria;2019;5100
Nigeria;2020;0
Nigeria;2021;0
Nigeria;2022;0
North Macedonia;2005;9300
North Macedonia;2006;10000
North Macedonia;2007;10200
North Macedonia;2008;10500
North Macedonia;2009;6000
North Macedonia;2010;8500
North Macedonia;2011;8500
North Macedonia;2012;5000
North Macedonia;2013;2000
North Macedonia;2014;2700
North Macedonia;2015;3200
North Macedonia;2016;3800
North Macedonia;2017;3273
North Macedonia;2018;3885
North Macedonia;2019;4060
North Macedonia;2020;0
North Macedonia;2021;0
North Macedonia;2022;0
Oman;2005;147500
Oman;2006;144700
Oman;2007;146300
Oman;2008;145000
Oman;2009;105000
Oman;2010;115000
Oman;2011;115000
Oman;2012;130000
Oman;2013;140000
Oman;2014;138600
Oman;2015;121100
Oman;2016;115700
Oman;2017;63789
Oman;2018;49777
Oman;2019;49924
Oman;2020;0
Oman;2021;0
Oman;2022;0
Palestine;2005;13500
Palestine;2006;15700
Palestine;2007;16400
Palestine;2008;18400
Palestine;2009;13400
Palestine;2010;17400
Palestine;2011;19700
Palestine;2012;21600
Palestine;2013;21100
Palestine;2014;21100
Palestine;2015;21100
Palestine;2016;21100
Palestine;2017;496
Palestine;2018;146
Palestine;2019;109
Palestine;2020;0
Palestine;2021;0
Palestine;2022;0
Panama;2005;10000
Panama;2006;15000
Panama;2007;22000
Panama;2008;30000
Panama;2009;25000
Panama;2010;30000
Panama;2011;35000
Panama;2012;40000
Panama;2013;39800
Panama;2014;43000
Panama;2015;46700
Panama;2016;46200
Panama;2017;44009
Panama;2018;36401
Panama;2019;39049
Panama;2020;0
Panama;2021;0
Panama;2022;0
Paraguay;2005;3000
Paraguay;2006;5000
Paraguay;2007;6000
Paraguay;2008;12000
Paraguay;2009;7000
Paraguay;2010;11000
Paraguay;2011;20000
Paraguay;2012;20000
Paraguay;2013;19900
Paraguay;2014;21500
Paraguay;2015;18700
Paraguay;2016;16000
Paraguay;2017;18848
Paraguay;2018;25204
Paraguay;2019;20599
Paraguay;2020;0
Paraguay;2021;0
Paraguay;2022;0
Puerto Rico;2005;96000
Puerto Rico;2006;85000
Puerto Rico;2007;92000
Puerto Rico;2008;65000
Puerto Rico;2009;65000
Puerto Rico;2010;45000
Puerto Rico;2011;55000
Puerto Rico;2012;55000
Puerto Rico;2013;54700
Puerto Rico;2014;58500
Puerto Rico;2015;49000
Puerto Rico;2016;66500
Puerto Rico;2017;84470
Puerto Rico;2018;73080
Puerto Rico;2019;82607
Puerto Rico;2020;0
Puerto Rico;2021;85486
Puerto Rico;2022;0
Qatar;2005;61100
Qatar;2006;59900
Qatar;2007;60500
Qatar;2008;60000
Qatar;2009;40000
Qatar;2010;40000
Qatar;2011;45000
Qatar;2012;60000
Qatar;2013;65000
Qatar;2014;71500
Qatar;2015;69200
Qatar;2016;50200
Qatar;2017;41176
Qatar;2018;38816
Qatar;2019;39679
Qatar;2020;0
Qatar;2021;0
Qatar;2022;0
R. of Congo;2005;200
R. of Congo;2006;200
R. of Congo;2007;200
R. of Congo;2008;500
R. of Congo;2009;1500
R. of Congo;2010;1500
R. of Congo;2011;1500
R. of Congo;2012;1500
R. of Congo;2013;1500
R. of Congo;2014;1500
R. of Congo;2015;1600
R. of Congo;2016;0
R. of Congo;2017;0
R. of Congo;2018;0
R. of Congo;2019;0
R. of Congo;2020;0
R. of Congo;2021;0
R. of Congo;2022;0
Senegal;2005;3000
Senegal;2006;3000
Senegal;2007;3000
Senegal;2008;3000
Senegal;2009;4000
Senegal;2010;4000
Senegal;2011;3500
Senegal;2012;4000
Senegal;2013;4000
Senegal;2014;4500
Senegal;2015;3700
Senegal;2016;4400
Senegal;2017;3773
Senegal;2018;3558
Senegal;2019;3320
Senegal;2020;0
Senegal;2021;0
Senegal;2022;0
Serbia;2005;21603
Serbia;2006;25610
Serbia;2007;32772
Serbia;2008;36177
Serbia;2009;30000
Serbia;2010;28951
Serbia;2011;22181
Serbia;2012;22800
Serbia;2013;23000
Serbia;2014;23900
Serbia;2015;21700
Serbia;2016;23300
Serbia;2017;22090
Serbia;2018;24006
Serbia;2019;25514
Serbia;2020;0
Serbia;2021;0
Serbia;2022;0
Singapore;2005;109167
Singapore;2006;116849
Singapore;2007;110814
Singapore;2008;100979
Singapore;2009;73183
Singapore;2010;47273
Singapore;2011;33493
Singapore;2012;32724
Singapore;2013;27955
Singapore;2014;32807
Singapore;2015;61512
Singapore;2016;91096
Singapore;2017;94692
Singapore;2018;81625
Singapore;2019;76476
Singapore;2020;0
Singapore;2021;0
Singapore;2022;0
Slovenia;2005;59324
Slovenia;2006;59578
Slovenia;2007;68719
Slovenia;2008;71575
Slovenia;2009;57967
Slovenia;2010;61142
Slovenia;2011;60193
Slovenia;2012;50091
Slovenia;2013;52268
Slovenia;2014;53296
Slovenia;2015;59450
Slovenia;2016;63674
Slovenia;2017;62522
Slovenia;2018;65115
Slovenia;2019;70904
Slovenia;2020;0
Slovenia;2021;0
Slovenia;2022;0
Sri Lanka;2005;2600
Sri Lanka;2006;2800
Sri Lanka;2007;2900
Sri Lanka;2008;3000
Sri Lanka;2009;3000
Sri Lanka;2010;2000
Sri Lanka;2011;7000
Sri Lanka;2012;8000
Sri Lanka;2013;10000
Sri Lanka;2014;13800
Sri Lanka;2015;12500
Sri Lanka;2016;26300
Sri Lanka;2017;11796
Sri Lanka;2018;10981
Sri Lanka;2019;8100
Sri Lanka;2020;0
Sri Lanka;2021;0
Sri Lanka;2022;0
Sudan;2005;2000
Sudan;2006;2000
Sudan;2007;2500
Sudan;2008;3000
Sudan;2009;7000
Sudan;2010;2000
Sudan;2011;2000
Sudan;2012;2000
Sudan;2013;1500
Sudan;2014;1800
Sudan;2015;2200
Sudan;2016;0
Sudan;2017;1450
Sudan;2018;1140
Sudan;2019;996
Sudan;2020;0
Sudan;2021;0
Sudan;2022;0
Syria;2005;32985
Syria;2006;45467
Syria;2007;36000
Syria;2008;42000
Syria;2009;46000
Syria;2010;78147
Syria;2011;33160
Syria;2012;36300
Syria;2013;35500
Syria;2014;33400
Syria;2015;33400
Syria;2016;33400
Syria;2017;4500
Syria;2018;6996
Syria;2019;11428
Syria;2020;0
Syria;2021;0
Syria;2022;0
Tajikistan;2005;5300
Tajikistan;2006;5700
Tajikistan;2007;5800
Tajikistan;2008;6000
Tajikistan;2009;7000
Tajikistan;2010;6500
Tajikistan;2011;7500
Tajikistan;2012;6000
Tajikistan;2013;6000
Tajikistan;2014;6100
Tajikistan;2015;6100
Tajikistan;2016;1900
Tajikistan;2017;2000
Tajikistan;2018;2200
Tajikistan;2019;2200
Tajikistan;2020;0
Tajikistan;2021;0
Tajikistan;2022;0
Tanzania;2005;2000
Tanzania;2006;2000
Tanzania;2007;2000
Tanzania;2008;2000
Tanzania;2009;2000
Tanzania;2010;2000
Tanzania;2011;3000
Tanzania;2012;3000
Tanzania;2013;3500
Tanzania;2014;1000
Tanzania;2015;2600
Tanzania;2016;2300
Tanzania;2017;938
Tanzania;2018;998
Tanzania;2019;675
Tanzania;2020;0
Tanzania;2021;0
Tanzania;2022;0
Tr.&Tobago;2005;10000
Tr.&Tobago;2006;10000
Tr.&Tobago;2007;5000
Tr.&Tobago;2008;10000
Tr.&Tobago;2009;10000
Tr.&Tobago;2010;10000
Tr.&Tobago;2011;10000
Tr.&Tobago;2012;8000
Tr.&Tobago;2013;8000
Tr.&Tobago;2014;6300
Tr.&Tobago;2015;10500
Tr.&Tobago;2016;13900
Tr.&Tobago;2017;9840
Tr.&Tobago;2018;9712
Tr.&Tobago;2019;10707
Tr.&Tobago;2020;0
Tr.&Tobago;2021;0
Tr.&Tobago;2022;0
Tunisia;2005;25000
Tunisia;2006;30000
Tunisia;2007;30000
Tunisia;2008;33000
Tunisia;2009;35000
Tunisia;2010;45000
Tunisia;2011;35000
Tunisia;2012;37000
Tunisia;2013;35000
Tunisia;2014;37100
Tunisia;2015;36100
Tunisia;2016;36400
Tunisia;2017;45886
Tunisia;2018;35343
Tunisia;2019;34387
Tunisia;2020;0
Tunisia;2021;0
Tunisia;2022;0
Turkmenistan;2005;3900
Turkmenistan;2006;4200
Turkmenistan;2007;4300
Turkmenistan;2008;4500
Turkmenistan;2009;4500
Turkmenistan;2010;4500
Turkmenistan;2011;5000
Turkmenistan;2012;4500
Turkmenistan;2013;4500
Turkmenistan;2014;4600
Turkmenistan;2015;4600
Turkmenistan;2016;4500
Turkmenistan;2017;4800
Turkmenistan;2018;5100
Turkmenistan;2019;5225
Turkmenistan;2020;0
Turkmenistan;2021;0
Turkmenistan;2022;0
Uganda;2005;3000
Uganda;2006;3500
Uganda;2007;3000
Uganda;2008;3000
Uganda;2009;3000
Uganda;2010;3000
Uganda;2011;3000
Uganda;2012;3000
Uganda;2013;3000
Uganda;2014;3000
Uganda;2015;2200
Uganda;2016;2900
Uganda;2017;721
Uganda;2018;770
Uganda;2019;832
Uganda;2020;0
Uganda;2021;0
Uganda;2022;0
Uruguay;2005;10000
Uruguay;2006;10000
Uruguay;2007;12000
Uruguay;2008;15000
Uruguay;2009;30000
Uruguay;2010;40000
Uruguay;2011;38308
Uruguay;2012;38109
Uruguay;2013;41785
Uruguay;2014;40171
Uruguay;2015;39472
Uruguay;2016;35924
Uruguay;2017;41549
Uruguay;2018;34377
Uruguay;2019;30063
Uruguay;2020;0
Uruguay;2021;0
Uruguay;2022;0
Venezuela;2005;128601
Venezuela;2006;184108
Venezuela;2007;267932
Venezuela;2008;135882
Venezuela;2009;67047
Venezuela;2010;68210
Venezuela;2011;65339
Venezuela;2012;60776
Venezuela;2013;43887
Venezuela;2014;10400
Venezuela;2015;7700
Venezuela;2016;3200
Venezuela;2017;2500
Venezuela;2018;1159
Venezuela;2019;3000
Venezuela;2020;0
Venezuela;2021;0
Venezuela;2022;0
Yemen;2005;4000
Yemen;2006;4700
Yemen;2007;4800
Yemen;2008;5000
Yemen;2009;5000
Yemen;2010;2000
Yemen;2011;2000
Yemen;2012;2000
Yemen;2013;2000
Yemen;2014;2500
Yemen;2015;2300
Yemen;2016;1100
Yemen;2017;828
Yemen;2018;552
Yemen;2019;552
Yemen;2020;0
Yemen;2021;0
Yemen;2022;0
Zambia;2005;2300
Zambia;2006;2700
Zambia;2007;2800
Zambia;2008;2600
Zambia;2009;3000
Zambia;2010;2000
Zambia;2011;2000
Zambia;2012;2000
Zambia;2013;2000
Zambia;2014;2000
Zambia;2015;1700
Zambia;2016;2300
Zambia;2017;848
Zambia;2018;1118
Zambia;2019;1094
Zambia;2020;0
Zambia;2021;0
Zambia;2022;0
Zimbabwe;2005;7000
Zimbabwe;2006;6000
Zimbabwe;2007;3000
Zimbabwe;2008;3000
Zimbabwe;2009;3000
Zimbabwe;2010;2000
Zimbabwe;2011;3000
Zimbabwe;2012;3000
Zimbabwe;2013;3000
Zimbabwe;2014;4100
Zimbabwe;2015;1500
Zimbabwe;2016;1300
Zimbabwe;2017;1094
Zimbabwe;2018;906
Zimbabwe;2019;532
Zimbabwe;2020;0
Zimbabwe;2021;0
Zimbabwe;2022;0
